{
  "f1": {
    "geo_adstock": {
      "channel_decays": {
        "tv": 0.9,
        "search": 0.1,
        "social": 0.1,
        "display": 0.2,
        "video": 0.9
      }
    },
    "dual_adstock": {
      "channel_decays": {
        "tv": {
          "stc": 0.1,
          "ltc": 0.9
        },
        "search": {
          "stc": 0.1,
          "ltc": 0.9
        },
        "social": {
          "stc": 0.1,
          "ltc": 0.9
        },
        "display": {
          "stc": 0.1,
          "ltc": 0.9
        },
        "video": {
          "stc": 0.1,
          "ltc": 0.9
        }
      }
    },
    "weibull_adstock": {
      "channel_params": {
        "tv": {
          "shape": 0.5,
          "scale": 15.0
        },
        "search": {
          "shape": 0.5,
          "scale": 1.0
        },
        "social": {
          "shape": 0.5,
          "scale": 1.0
        },
        "display": {
          "shape": 0.5,
          "scale": 1.0
        },
        "video": {
          "shape": 0.5134632255870126,
          "scale": 15.0
        }
      }
    },
    "almon_pdl": {
      "channel_weights": {
        "tv": [
          9.413861440189073,
          7.504632686997104,
          6.022443001295174,
          4.932038922956328,
          4.198166991853606,
          3.7855737478600577,
          3.659005730848726,
          3.7832094806926477,
          4.1229315372648685,
          4.642918440438439,
          5.307916730086404,
          6.0826729460818,
          6.931933628297671,
          7.8204453166070635
        ],
        "search": [
          8.125892707413751,
          5.593646501302735,
          3.6359177220804817,
          2.171260752021846,
          1.1182299734016716,
          0.39537976849481815,
          -0.07873548042387313,
          -0.38556139107954834,
          -0.6065435811973501,
          -0.8231276685024369,
          -1.1167592707199674,
          -1.5688840055750646,
          -2.2609474907929012,
          -3.2743953440986218
        ],
        "social": [
          72.33647903518494,
          35.3678845845682,
          10.010590043605262,
          -5.473456679355678,
          -12.82230767596647,
          -13.774015037878826,
          -10.066630856744723,
          -3.4382072242157733,
          4.373203768056101,
          11.62955002841909,
          16.592779465221383,
          17.524839986811457,
          12.687679501536763,
          0.3432459177463443
        ],
        "display": [
          -7.281861206326862,
          -4.161254734013543,
          -0.9055850439384523,
          2.261334178292313,
          5.115689247072654,
          7.433666476796473,
          8.991452181857674,
          9.565232676650155,
          8.931194275567824,
          6.86552329300458,
          3.1444060433543264,
          -2.455971158989044,
          -10.1594219996316,
          -20.189760164179482
        ],
        "video": [
          -7.764213699547937,
          -8.152717541488038,
          -8.380809077894348,
          -8.478382386718355,
          -8.475331545911548,
          -8.40155063342541,
          -8.286933727211432,
          -8.161374905221098,
          -8.0547682454059,
          -7.997007825717323,
          -8.017987724106852,
          -8.147602018525973,
          -8.41574478692618,
          -8.852310107258955
        ]
      }
    }
  },
  "f2": {
    "ardl": {
      "ar_order": 2,
      "media_lags": 4,
      "selection_criterion": "BIC",
      "bic": 348.9610064108141
    },
    "koyck": {
      "optimal_lambda": 0.1,
      "grid_range": [
        0.1,
        0.9
      ]
    },
    "finite_dl": {
      "channel_weights_estimated": true,
      "max_lag": 13
    }
  },
  "f3": {
    "kalman_dlm": {
      "level_var": 0.01,
      "slope_var": 0.0001,
      "selection_rmse": 0.36644925963801606
    },
    "bsts": {
      "level_var": 0.01,
      "slope_var": 0.001,
      "selection_rmse": 0.3745559826894533
    },
    "mcmc_stock": {
      "prior_delta_alpha": 1.0,
      "prior_delta_beta": 2.1,
      "prior_build_rate_sigma": 0.7,
      "prior_ltc_coef_sigma": 0.387,
      "prior_obs_sigma": 0.3,
      "calibration_method": "2x_MAP_median_empirical_bayes",
      "calibration_data": "S1_observed_only"
    }
  }
}